{
	"info": {
		"_postman_id": "2dfbbdf1-58ab-41c8-a01a-4e2ab4720c88",
		"name": "APITest",
		"schema": "https://schema.getpostman.com/json/collection/v2.1.0/collection.json"
	},
	"item": [
		{
			"name": "Login",
			"event": [
				{
					"listen": "test",
					"script": {
						"id": "12a68060-2777-49fe-a228-7e3580812283",
						"exec": [
							"var jsonData = JSON.parse(responseBody);",
							"pm.environment.set('token', jsonData.result.accessToken);"
						],
						"type": "text/javascript"
					}
				}
			],
			"request": {
				"method": "POST",
				"header": [
					{
						"key": "Content-Type",
						"name": "Content-Type",
						"value": "application/json",
						"type": "text"
					}
				],
				"body": {
					"mode": "raw",
					"raw": "{\r\n  \"userNameOrEmailAddress\": \"admin\",\r\n  \"password\": \"123qwe\",\r\n  \"rememberClient\": true\r\n}"
				},
				"url": {
					"raw": "{{host}}/api/TokenAuth/Authenticate",
					"host": [
						"{{host}}"
					],
					"path": [
						"api",
						"TokenAuth",
						"Authenticate"
					]
				}
			},
			"response": []
		},
		{
			"name": "GetUserDetail",
			"protocolProfileBehavior": {
				"disableBodyPruning": true
			},
			"request": {
				"auth": {
					"type": "bearer",
					"bearer": [
						{
							"key": "token",
							"value": "{{token}}",
							"type": "string"
						}
					]
				},
				"method": "GET",
				"header": [
					{
						"key": "Content-Type",
						"name": "Content-Type",
						"value": "application/x-www-form-urlencoded",
						"type": "text"
					}
				],
				"body": {
					"mode": "urlencoded",
					"urlencoded": [
						{
							"key": "Id",
							"value": "1",
							"type": "text"
						}
					]
				},
				"url": {
					"raw": "{{host}}/api/services/app/User/Get",
					"host": [
						"{{host}}"
					],
					"path": [
						"api",
						"services",
						"app",
						"User",
						"Get"
					]
				}
			},
			"response": []
		},
		{
			"name": "GetAccountDetail",
			"protocolProfileBehavior": {
				"disableBodyPruning": true
			},
			"request": {
				"auth": {
					"type": "bearer",
					"bearer": [
						{
							"key": "token",
							"value": "{{token}}",
							"type": "string"
						}
					]
				},
				"method": "GET",
				"header": [],
				"body": {
					"mode": "formdata",
					"formdata": [
						{
							"key": "Id",
							"value": "1",
							"type": "text"
						}
					]
				},
				"url": {
					"raw": "{{host}}/api/Accounts/Get",
					"host": [
						"{{host}}"
					],
					"path": [
						"api",
						"Accounts",
						"Get"
					]
				}
			},
			"response": []
		},
		{
			"name": "GetAllAccounts",
			"request": {
				"auth": {
					"type": "bearer",
					"bearer": [
						{
							"key": "token",
							"value": "{{token}}",
							"type": "string"
						}
					]
				},
				"method": "GET",
				"header": [],
				"body": {
					"mode": "raw",
					"raw": ""
				},
				"url": {
					"raw": "{{host}}/api/Accounts/GetAll",
					"host": [
						"{{host}}"
					],
					"path": [
						"api",
						"Accounts",
						"GetAll"
					]
				}
			},
			"response": []
		},
		{
			"name": "GetAllAccountBalances",
			"protocolProfileBehavior": {
				"disableBodyPruning": true
			},
			"request": {
				"auth": {
					"type": "bearer",
					"bearer": [
						{
							"key": "token",
							"value": "{{token}}",
							"type": "string"
						}
					]
				},
				"method": "GET",
				"header": [],
				"body": {
					"mode": "formdata",
					"formdata": [
						{
							"key": "AccountName",
							"value": "99299",
							"type": "text"
						},
						{
							"key": "AccountNumber",
							"value": "7",
							"type": "text"
						}
					]
				},
				"url": {
					"raw": "{{host}}/api/Accounts/GetBalances",
					"host": [
						"{{host}}"
					],
					"path": [
						"api",
						"Accounts",
						"GetBalances"
					]
				}
			},
			"response": []
		}
	]
}